rpm_thousands,speed_kmh
2.6984143,55.72535
4.3057976,78.59707
2.6066067,42.806488
3.0997145,55.312218
4.8840423,86.46666
2.532546,50.005627
1.9980321,35.41104
2.2706234,34.5408
2.76482,44.00503
2.4196272,54.634132
2.3418694,45.530544
3.956903,72.197105
3.547391,63.73345
2.6898923,45.76538
1.890405,38.476685
2.698995,49.654606
2.5114315,40.21582
2.6805167,52.43579
1.6712848,21.979368
3.6270008,62.680634
1.9642338,33.616848
1.8871014,36.947483
1.820192,28.930052
3.9804215,76.79108
2.1964533,40.845165
2.527686,45.650677
4.6217213,91.58889
4.1791873,80.09172
4.2534347,80.95745
1.5883636,25.670303
1.9950753,36.924538
2.5893557,42.238724
4.6956706,89.925186
3.4290257,64.08684
1.94118,28.720016
3.2609582,69.078766
1.8908261,30.419823
2.8665762,51.01504
2.7687936,43.28278
4.764908,86.33524
3.7920394,76.34221
2.9448504,52.36729
3.5456252,68.08177
2.7448354,50.288593
3.9375756,73.17505
3.9422367,71.72503
3.7199557,79.15939
2.5678904,38.70636
4.743014,88.37819
2.9973526,56.314095
2.5686958,52.59779
4.34605,85.4906
4.676349,91.34949
4.9915295,100.499435
3.7684522,69.18963
2.6534357,46.949265
4.138811,78.23456
4.7514205,97.65092
1.5335402,32.356403
3.0331979,49.739822
2.0565605,31.64154
3.5761297,68.20459
3.9737735,72.639885
2.8884711,49.05591
3.1036,48.33144
4.037694,76.77129
2.955878,54.01608
1.7803859,27.200499
4.650238,80.21067
2.3691998,36.28399
3.0577476,56.266224
3.4150712,63.665718
3.1448305,51.444748
1.6037996,20.090609
4.0529,86.19356
2.4550948,42.8736
2.3423457,41.88246
3.668102,62.141743
2.3367414,42.678757
2.4412208,42.038155
2.6603377,55.38442
2.592564,46.006073
2.5191345,42.480297
2.7780497,45.950066
3.7047825,73.401024
1.8338686,21.886002
2.1907594,41.88331
3.275535,56.76186
3.493369,62.488586
4.2165117,81.47547
2.020723,39.16524
3.8085947,70.16743
4.2446823,83.89842
4.2217054,75.95004
1.6200123,32.286396
2.5821927,45.388947
1.7457602,33.320427
2.14258,32.76078
4.22472,81.071724
2.9886916,55.42872
3.993245,79.16323
2.222739,42.801365
3.5159297,65.414
2.1914988,32.748444
4.124811,81.21213
2.4845867,43.675926
2.8111715,50.87272
1.7316452,29.012556
3.2557812,64.95608
4.91159,84.66724
4.099412,75.629684
2.3163033,41.35537
3.2735353,58.67216
3.0581152,54.531567
1.8411201,35.46662
4.6221595,84.78185
3.278211,55.366043
3.6185448,65.70972
2.5432992,43.799667
2.4311416,40.870136
3.5385568,77.165245
3.896994,69.970215
3.6425214,69.33547
2.4065962,44.5489
4.949071,94.34375
2.9923923,60.257492
2.1782737,34.030262
2.4315028,43.064926
4.9727364,102.17818
3.2500844,57.01636
3.0124476,55.204376
2.5217168,52.6951
2.7912455,53.251347
1.7761,32.907574
1.859304,34.33085
4.2742567,85.42514
4.7470365,91.07084
4.920026,90.15308
1.986601,32.178234
4.196511,81.87908
2.1668086,42.930344
4.2939806,83.783165
4.51272,84.07975
4.6042743,84.57079
4.51009,88.85851
4.3447533,85.565575
3.2840614,63.00788
4.0540943,76.767456
2.623901,52.57373
4.012011,80.62024
2.6875465,60.278477
3.2206151,54.743492
1.726837,26.238586
2.7924194,40.943512
2.3297224,38.848854
2.6596885,48.21029
2.1324735,34.492756
1.6759726,31.20869
3.3639538,58.393356
4.3857136,83.32556
4.8438115,92.27454
4.2712197,75.15028
2.3429096,37.8494
1.519233,24.31833
3.9137993,74.92818
4.2305493,83.98105
1.7476039,25.326015
3.8775256,76.154495
4.729585,88.28185
3.356009,59.93113
2.195697,38.487827
4.6847835,87.964386
3.9972777,78.036156
4.408852,85.739334
2.0665004,43.33465
4.2684045,81.151665
2.0546212,33.242393
4.981615,91.60113
2.5085254,42.747787
4.3044925,81.08326
3.6004229,65.07706
3.7137682,64.954834
2.9816287,55.71432
3.968787,69.64834
2.5206492,46.75805
1.6004863,23.20186
2.5776446,46.206787
4.6211925,90.75208
2.789278,54.41357
3.8000572,71.15765
2.6029787,49.694874
4.5627613,85.06855
4.297358,76.88579
3.8677738,69.11942
2.355467,40.056576
1.8200228,28.165432
3.3158865,65.7675
2.2233489,39.944443
4.688839,84.644135
1.5682924,28.701038
4.0320196,77.51198
4.9945993,100.128426
4.1264496,82.68736
3.8467128,79.40891
1.5662434,25.166262
4.933313,91.60506
2.9506667,49.108315
1.6147852,26.842304
4.977535,93.56801
2.5378714,50.33806
3.1261916,64.85505
4.851739,95.6316
2.0368989,35.469345
2.0118926,34.435066
3.5345802,68.24615
3.0157557,53.57056
3.653098,68.817665
1.7822657,33.258736
3.3023367,62.115646
2.4716704,51.079594
2.3896844,40.95707
1.6476355,21.985083
4.177882,79.66535
3.5871139,70.97438
1.7704743,34.191628
4.6387157,87.924965
3.7778366,77.16575
3.5747356,64.62227
2.2225113,34.221848
3.513908,64.18668
4.9361954,92.33002
4.450298,84.30269
1.8869771,29.840727
4.847437,93.43898
3.385642,64.95454
4.091689,67.125725
4.6091833,86.14784
4.741891,91.62937
1.8858141,38.076706
4.7824116,96.69181
2.0614438,44.48752
3.3811905,61.317852
2.0271637,28.620327
2.8663418,51.012356
3.1704752,53.26073
3.0406382,53.647266
2.9735422,50.245804
3.3880234,63.7257
4.9762325,97.17687
4.2667704,76.41345
4.2290726,83.47075
3.950433,64.42399
4.604817,87.16839
3.1692393,63.40045
3.3891463,64.27337
3.6101449,59.560917
1.7237716,28.88744
1.8402754,32.29254
3.4645524,63.642605
2.5653121,48.26635
3.2178879,63.002777
2.848447,59.139404
3.52241,69.52379
4.3885775,75.44467
2.6696267,50.61919
4.651506,90.53367
4.631733,91.545204
1.9068782,36.041897
1.8986042,37.958195
1.834119,34.238094
2.2909646,42.340637
2.5687666,38.52379
3.1182785,56.72284
2.8244138,42.629932
2.3658152,37.12329
2.6940362,47.037434
2.6169472,46.64798
4.966817,96.75306
2.6013994,46.5889
1.9969984,35.32596
3.9774709,67.346146
3.1489172,52.222416
4.589737,79.29095
4.343457,77.747116
4.8577757,87.97743
1.9683708,36.586506
4.375011,77.74698
4.718668,87.20692
2.3857949,43.146626
4.858565,88.353035
4.5618753,85.10837
3.2691646,64.777756
4.0937667,78.17497
2.6381624,53.039276
1.7236784,27.129128
3.6923652,71.97123
3.7717192,78.85835
2.1062717,43.207176
4.098749,79.30851
1.7551104,29.499866
